{"9020": "NLRID","257107": "BEANR","9111": "NLVEG","9110": "NLVDM","9031": "NLRTM","8893": "DEESU","9011": "NLMOE","8938": "DESTR","8842": "DEBRE","8973": "NLAMS","9005": "NLMID","9006": "NLMOE","9007": "NLMOE","8840": "DEBRE","8841": "DEBRE","8987": "NLDOR","8809": "BEZEE","9059": "NLRTM","9064": "NLRTM","9052": "NLRTM","8887": "DEDUI","8856": "DEBRE","8939": "DESTR","8940": "DETOU","8941": "DETRI","8942": "DEWES","8789": "BEGNK","9018": "NLOSS","8999": "NLIJM","9119": "NLVLI","9120": "NLVLI","8982": "NLDEV","4495116": "BEANR","8722": "BEANR","8762": "BEANR","216008": "BEANR","8732": "BEANR","8708": "BEANR","8749": "BEANR","8726": "BEANR","8705": "BEANR","8711": "BEANR","8774": "BEANR","8714": "BEANR","8735": "BEANR","8715": "BEANR","5942402": "BEANR","9026": "NLRTM","9036": "NLRTM","8908": "DEHAM","8827": "CHBSL","8884": "DEDUI","8832": "DEBER","9024": "NLRTM","8922": "DEMAI","8923": "DEMAI","8924": "DEMHG","8951": "FRDRG","11117107": "BEANR","8769": "BEANR","8706": "BEANR","8724": "BEANR","8699": "BEANR","8700": "BEANR","8952": "FRDRG","8976": "NLAPN","8970": "NLAMS","8886": "DEDUI","8786": "BEGNE","2136643": "BEANR","6105594": "BEANR","9114": "NLVLA","5072": "NLBZM","3221027": "NLBZM","8734": "BEANR","8870": "DECUX","12053626": "BEANR","12054181": "BEANR","12096068": "BEANR","8701": "BEANR","9037": "NLRTM","8963": "FRZUE","8964": "HUBUD","9002": "NLLEY","9001": "NLKAM","8947": "DEWUE","8946": "DEWOR","9074": "NLRTM","8983": "NLDFT","12325659": "BEANR","12515801": "BEANR","9077": "NLRTM","9004": "NLMEP","10234243": "NLRTM","10234244": "NLRTM","8948": "FRANZ","5745820": "NLRTM","9098": "NLRTM","9115": "NLVLI","9116": "NLVLI","8792": "BEHET","8767": "BEANR","8687": "BEANR","8720": "BEANR","8698": "BEANR","9747111": "BEANR","8692": "BEANR","8820": "CHBSL","9129": "NLZAA","8907": "DEHAM","9008": "NLMOE","8839": "DEBRE","8838": "DEBRE","9131": "SKBAB","8897": "DEGEK","8822": "CHBSL","8821": "CHBSL","8818": "CHBFL","8929": "DENHA","8869": "DECGN","8847": "DEBRE","8848": "DEBRE","8986": "NLDOR","8985": "NLDOR","12525883": "NLRTM","560293": "BEANR","9118": "NLVLI","9117": "NLVLI","9106": "NLTNZ","9121": "NLWAS","8956": "FRLLE","8957": "FRNEF","8958": "FROTM","8959": "FRPOY","8960": "FRSXB","8971": "NLAMS","9076": "NLRTM","9084": "NLRTM","9034": "NLRTM","9051": "NLRTM","9054": "NLRTM","9038": "NLRTM","8974": "NLAMS","8984": "NLDHR","8889": "DEDUI","9022": "NLRTM","8637187": "NLRTM","8771": "BEANR","8709": "BEANR","8721": "BEANR","8742": "BEANR","8694": "BEANR","8738": "BEANR","8758": "BEANR","8933": "DENSS","8785": "BEGNE","8990": "NLGOR","8962": "FRVAL","9123": "NLWBD","9085": "NLRTM","8746": "BEANR","8718": "BEANR","8717": "BEANR","8806": "BEZEE","3859554": "BEANR","8808": "BEZEE","8810": "BEZEE","8795": "BEANR","8689": "BEANR","8955": "FRLLE","8954": "FRHUN","8894": "DEFRA","8895": "DEFRA","8824": "CHBSL","8794": "BEANR","8688": "BEANR","8805": "BEZEE","8684": "ATLNZ","9122": "NLWAS","9125": "NLWDP","53613": "BEANR","8825": "CHBSL","8995": "NLHRD","8996": "NLHRV","8997": "NLHTB","8998": "NLIJM","9016": "NLNIJ","9003": "NLLWR","9127": "NLWLK","9128": "NLZAA","9130": "NLZUT","8900": "DEGHM","8899": "DEGER","9071": "NLRTM","8975": "NLAMS","8837": "DEBRE","8682": "ATKRE","825180": "NLRTM","8944": "DEWLR","8945": "DEWOE","9088": "NLRTM","8932": "DENSS","8681": "ATENA","9124": "NLWBR","8969": "NLAMS","8787": "BEGNE","8719": "BEANR","8764": "BEANR","8731": "BEANR","8875": "DECUX","8876": "DEDEG","8878": "DEDMG","8879": "DEDRP","8965": "NLALM","8966": "NLAMS","8949": "FRBET","8950": "FRDKK","8953": "FRHAL","8826": "CHBSL","8943": "DEWLG","9030": "NLRTM","9102": "NLRTM","9042": "NLRTM","2263019": "BEANR","2839656": "NLRTM","8807": "BEZEE","8849": "DEBRE","7567545": "NLRTM","9095": "NLRTM","8935": "DEORS","9073": "NLRTM","9021": "NLRTM","9079": "NLRTM","9063": "NLRTM","9055": "NLRTM","9072": "NLRTM","9104": "NLTLB","8712": "BEANR","8890": "DEDUS","8846": "DEBRE","8713": "BEANR","8743": "BEANR","8772": "BEANR","215994": "BEANR","8760": "BEANR","8702": "BEANR","8740": "BEANR","8992": "NLHAR","8784": "BEGNE","8836": "DEBRE","8902": "DEHAM","8685": "ATVIE","8862": "DEBRE","8834": "DEBRE","8830": "DEAND","8829": "CHBSL","8828": "CHBSL","546983": "NLRTM","9009": "NLMOE","9010": "NLMOE","8885": "DEDUI","8817": "CHBFL","8816": "CHBFL","8854": "DEBRE","8823": "CHBSL","8835": "DEBRE","8766": "BEANR","9057": "NLRTM","8972": "NLAMS","8928": "DEMHG","8927": "DEMHG","8926": "DEMHG","8925": "DEMHG","8855": "DEBRE","8906": "DEHAM","82109": "NLRTM","8831": "DEASC","9113": "NLVEN","8867": "DEBRE","8866": "DEBRE","8815": "CHBFL","8819": "CHBSL","8796": "BEHBN","9126": "NLWDP","8892": "DEEMM","8793": "BEHGG","8931": "DENSS","8904": "DEHAM","8850": "DEBRE","8770": "BEANR","8989": "NLEEM","8988": "NLDZL","8967": "NLAMS","8930": "DENHA","8891": "DEDUS","8934": "DENUE","8936": "DERSA","8937": "DESND","8859": "DEBRE","8991": "NLGRQ","8961": "FRSXB","4463297": "BEANR","8704": "BEANR","8813": "BEANR","8993": "NLHGL","8852": "DEBRE","8853": "DEBRE","8801": "BERIN","8799": "BEMEH","8798": "BELGG","8883": "DEDUI","9015": "NLMST","9014": "NLMST","9013": "NLMOE","9012": "NLMOE","8916": "DEKEH","8915": "DEKEH","8914": "DEKEH","8913": "DEKEH","8912": "DEKAE","8911": "DEHEN","8910": "DEHAM","8909": "DEHAM","9105": "NLTNZ","58709": "NLRTM","8994": "NLHGL","9083": "NLRTM","1333316": "NLRTM","9112": "NLVSN","8901": "DEGIG","9058": "NLRTM","9103": "NLSTI","8863": "DEBRE","8920": "DELEV","8921": "DELUH","9107": "NLTNZ","8802": "BEWEV","8791": "BEGBB","8790": "BEGRB","8780": "BEAVL","8905": "DEHAM","8979": "NLBON","8978": "NLBEV","8977": "NLARN","9108": "NLTNZ","9096": "NLRTM","8888": "DEDUI","8788": "BEGNE","8783": "BEGHL","8782": "BEDEG","8781": "BEBRU","8903": "DEHAM","9019": "NLPAP","9109": "NLUTC","8833": "DEBON","8968": "NLAMS","8812": "BEANR","8811": "BEZEL","8803": "BEWIK","8851": "DEBRE","8896": "DEGEK","9000": "NLIJM","8917": "DEKEM","81861": "BEANR","8882": "DEDTM","8881": "DEDTM","8880": "DEDRS","8898": "DEGER","9017": "NLOOS","8683": "ATKRE","9746956": "BEANR","8733": "BEANR","8741": "BEANR","8744": "BEANR","8693": "BEANR","8690": "BEANR","8754": "BEANR","8756": "BEANR","8730": "BEANR","8765": "BEANR","8745": "BEANR","8748": "BEANR","8736": "BEANR","8759": "BEANR","8779": "BEANR","8723": "BEANR","8814": "BEANR","8747": "BEANR","8696": "BEANR","8710": "BEANR","8750": "BEANR","8727": "BEANR","8691": "BEANR","8776": "BEANR","8753": "BEANR","5683737": "BEANR","8739": "BEANR","8768": "BEANR","8728": "BEANR","802358": "BEANR","8763": "BEANR","9119858": "BEANR","8757": "BEANR","8695": "BEANR","8737": "BEANR","8752": "BEANR","8755": "BEANR","9091": "NLRTM","9065": "NLRTM","9080": "NLRTM","9023": "NLRTM","9090": "NLRTM","9100": "NLRTM","9044": "NLRTM","9069": "NLRTM","9078": "NLRTM","9039": "NLRTM","9027": "NLRTM","3699431": "NLRTM","9048": "NLRTM","9033": "NLRTM","1333368": "NLRTM","9089": "NLRTM","9029": "NLRTM","9056": "NLRTM","248635": "NLRTM","9062": "NLRTM","9070": "NLRTM","9086": "NLRTM","9060": "NLRTM","9081": "NLRTM","9032": "NLRTM","9043": "NLRTM","9046": "NLRTM","9092": "NLRTM","9066": "NLRTM","9097": "NLRTM","9061": "NLRTM","5720386": "NLRTM","9094": "NLRTM","9045": "NLRTM","9082": "NLRTM","55588": "NLRTM","5720634": "NLRTM","9087": "NLRTM","9101": "NLRTM","9814141": "NLRTM","9053": "NLRTM","9041": "NLRTM","9093": "NLRTM","9747454": "BEANR","9075": "NLRTM","9049": "NLRTM","10030395": "NLRTM","10028538": "BEANR","8773": "BEANR","8777": "BEANR","8697": "BEANR","8918": "DEKOB","8919": "DEKRE","8804": "BEWLB","8797": "BELGG","3859623": "BEANR","50968": "BEZEE","8761": "BEANR","8778": "BEANR","8707": "BEANR","8725": "BEANR","8729": "BEANR","8686": "BEANR","8703": "BEANR","6844128": "NLRTM","5244653": "NLRTM","1435298": "BEWLB","5765018": "NLRTM","209122": "BEANR","1327911": "NLRTM","6080874": "NLRTM","419730": "BEANR","2792096": "NLVLA","2792097": "NLVLA","11187812": "NLAMS","5874053": "NLRTM","6844135": "NLRTM","6073239": "NLRTM","8539": "ATENA","8540": "ATKRE","8541": "ATLNZ","8542": "ATVIE","8544": "BEAVL","8546": "BEDEG","8551": "BEGBB","8549": "BEGNK","8550": "BEGRB","8554": "BEHBN","8552": "BEHEB","8620": "BELLE","8556": "BEMEH","8652": "BEMID","8557": "BEMLO","8558": "BERIN","8559": "BEWEV","8560": "BEWIK","8561": "BEWLB","8562": "BEZEE","8563": "BEZEL","8577": "CADRD","8565": "CHBFL","8566": "CHBSL","8663": "CHSTN","8567": "DEAND","8568": "DEASC","8569": "DEBER","8570": "DEBON","8571": "DEBRE","8573": "DECUX","8574": "DEDEG","8575": "DEDMG","8578": "DEDTM","8579": "DEDUI","8581": "DEEMM","8582": "DEESU","8584": "DEGEK","8585": "DEGER","8586": "DEGHM","8588": "DEHAM","8589": "DEHEN","8590": "DEKAE","8591": "DEKEH","8592": "DEKEM","8594": "DEKRE","8595": "DELEV","8596": "DELUH","8597": "DEMAI","8598": "DEMHG","8599": "DENHA","8600": "DENSS","8602": "DEORS","8603": "DERSA","8604": "DESND","8605": "DESTR","8606": "DETOU","8607": "DETRI","8608": "DEWES","8609": "DEWLG","8612": "DEWOR","8614": "FRANZ","8617": "FRDGS","8618": "FRHAL","8619": "FRHUN","8622": "FROTM","8623": "FRPOY","8624": "FRSXB","8625": "FRVAL","8627": "HUBUD","8628": "NLALM","8629": "NLAMS","8632": "NLBEV","8633": "NLBON","8634": "NLDEV","8635": "NLDFT","8637": "NLDOR","8638": "NLDZL","8640": "NLGOR","8641": "NLGRQ","8642": "NLHAR","8643": "NLHGL","8644": "NLHRD","8645": "NLHRV","8648": "NLKAM","8649": "NLLEY","8650": "NLLWR","8651": "NLMEP","8653": "NLMOE","8654": "NLMST","8655": "NLNIJ","8657": "NLOSS","8658": "NLPAP","8662": "NLPER","8659": "NLRID","11345935": "NLROO","8660": "NLRTM","8664": "NLTLB","8665": "NLTNZ","8666": "NLUTC","8667": "NLVDM","8668": "NLVEG","8669": "NLVEL","8670": "NLVEN","8671": "NLVLA","8672": "NLVLI","8676": "NLWDP","8677": "NLWLK","8678": "NLZAA","8679": "NLZUT","8680": "SKBTS","419729": "BEANR","8543": "BEANR","8564": "BEANR","8800": "BEANR","3859553": "BEANR","5071": "NLBZM","8844": "DEBRE","8845": "DEBRE","8843": "DEBRE","8874": "DECUX","8872": "DECUX","8871": "DECUX","8873": "DECUX","8616": "NLZWO","8583": "DEFRA","8547": "BEGHL","209121": "BEANR","8593": "CHLEN","8621": "FRNEF","8656": "NLOOS","8661": "NLRTM","4035814": "RUSPT","1435297": "BEANR"}