{"5071":"NLBZM", "8653":"NLMOE", "8661":"NLRTM", "4269157":"NLRTM", "8660":"NLRTM", "8659":"NLRID", "8543":"BEANR", "9020":"NLRID", "257107":"BEANR", "9011":"NLMOE", "9007":"NLMOE", "4495116":"BEANR", "8732":"BEANR", "8708":"BEANR", "8726":"BEANR", "8774":"BEANR", "9026":"NLRTM", "9024":"NLRTM", "6105594":"BEANR", "5072":"NLBZM", "3221027":"NLBZM", "9037":"NLRTM", "4068643":"NLRTM", "9084":"NLRTM", "9038":"NLRTM", "9022":"NLRTM", "8771":"BEANR", "9085":"NLRTM", "8688":"BEANR", "9088":"NLRTM", "8731":"BEANR", "9030":"NLRTM", "9042":"NLRTM", "9073":"NLRTM", "9079":"NLRTM", "9055":"NLRTM", "8740":"BEANR", "8766":"BEANR", "9057":"NLRTM", "4463297":"BEANR", "8704":"BEANR", "5874053":"NLRTM", "9083":"NLRTM", "9058":"NLRTM", "8754":"BEANR", "8765":"BEANR", "8779":"BEANR", "8750":"BEANR", "5683737":"BEANR", "802358":"BEANR", "8763":"BEANR", "8757":"BEANR", "9023":"NLRTM", "9027":"NLRTM", "9048":"NLRTM", "9033":"NLRTM", "9029":"NLRTM", "248635":"NLRTM", "9070":"NLRTM", "9043":"NLRTM", "9061":"NLRTM", "5720386":"NLRTM", "9045":"NLRTM", "55588":"NLRTM", "5720634":"NLRTM", "9087":"NLRTM", "9101":"NLRTM", "9053":"NLRTM", "9041":"NLRTM", "9049":"NLRTM", "8777":"BEANR"}