{"NLRID": {"city":"Ridderkerk","latitude":"51.8709913","longitude":"4.59264789748535"},"BEANR": {"city":"Antwerp","latitude":"51.2211097","longitude":"4.3997081"},"NLVEG": {"city":"Veghel","latitude":"51.6134636","longitude":"5.5446455"},"NLVDM": {"city":"Veendam","latitude":"53.1028443","longitude":"6.8694863"},"NLRTM": {"city":"Rotterdam","latitude":"51.9278469","longitude":"4.48859540370172"},"DEESU": {"city":"Emmelsum","latitude":"51.62342155","longitude":"6.60689576404779"},"NLMOE": {"city":"Moerdijk","latitude":"51.7033761","longitude":"4.6259107"},"DESTR": {"city":"Stuttgart","latitude":"48.7784485","longitude":"9.1800132"},"DEBRE": {"city":"Bremen","latitude":"53.0758196","longitude":"8.8071646"},"NLAMS": {"city":"Amsterdam","latitude":"52.3745403","longitude":"4.89797550561798"},"NLMID": {"city":"Middelburg","latitude":"51.50529485","longitude":"3.61007100494229"},"BEMID": {"city":"Middelburg","latitude":"51.50529485","longitude":"3.61007100494229"},"NLDOR": {"city":"Dordrecht","latitude":"51.8075316","longitude":"4.6677478"},"BEZEE": {"city":"Zeebrugge","latitude":"51.331382","longitude":"3.2078842"},"DEDUI": {"city":"Duisburg","latitude":"51.434999","longitude":"6.759562"},"DETOU": {"city":"Torgau","latitude":"51.5581272","longitude":"13.0046538"},"DETRI": {"city":"Trier","latitude":"49.7596208","longitude":"6.6441878"},"DEWES": {"city":"Wesel","latitude":"51.6561632","longitude":"6.6271721"},"BEGNK": {"city":"Genk","latitude":"50.9654864","longitude":"5.5001456"},"NLOSS": {"city":"Oss","latitude":"51.7649771","longitude":"5.51138220829049"},"NLIJM": {"city":"IJmuiden","latitude":"52.45420105","longitude":"4.57800603846503"},"NLVLI": {"city":"Vlissingen","latitude":"51.49433865","longitude":"3.41500576760136"},"NLDEV": {"city":"Deventer","latitude":"52.24927325","longitude":"6.17613063984559"},"DEHAM": {"city":"Hamburg","latitude":"53.550341","longitude":"10.000654"},"CHBSL": {"city":"Basel","latitude":"47.5581077","longitude":"7.5878261"},"DEBER": {"city":"Berlin","latitude":"52.5170365","longitude":"13.3888599"},"DEMAI": {"city":"Mainz","latitude":"49.96541115","longitude":"8.25769443117735"},"DEMHG": {"city":"Mannheim","latitude":"49.489591","longitude":"8.467236"},"NLAPN": {"city":"Alphen aan den Rijn","latitude":"52.1343369","longitude":"4.6561357"},"BEGNE": {"city":"Gent (Ghent)","latitude":"51.0538286","longitude":"3.7250121"},"NLVLA": {"city":"Vlaardingen","latitude":"51.9227863","longitude":"4.32956337887085"},"NLBZM": {"city":"Bergen op Zoom","latitude":"51.4965864","longitude":"4.28974079726371"},"DECUX": {"city":"Cuxhaven","latitude":"53.86878","longitude":"8.698286"},"FRZUE": {"city":"St Saulve","latitude":"50.3725758","longitude":"3.5610495"},"HUBUD": {"city":"Budapest","latitude":"47.4983815","longitude":"19.0404707"},"NLLEY": {"city":"Lelystad","latitude":"52.5150949","longitude":"5.4768915"},"NLKAM": {"city":"Kampen","latitude":"52.5559484","longitude":"5.9033303"},"DEWUE": {"city":"Wurzburg","latitude":"49.79245","longitude":"9.932966"},"DEWOR": {"city":"Worms","latitude":"49.6352685","longitude":"8.3603088"},"NLDFT": {"city":"Delft","latitude":"51.9994572","longitude":"4.362724538544"},"NLMEP": {"city":"Meppel","latitude":"52.71174435","longitude":"6.19730732516372"},"FRANZ": {"city":"Anzin","latitude":"50.3752242","longitude":"3.5137253"},"BEHET": {"city":"Herent","latitude":"50.9029514","longitude":"4.6728253"},"BEHEB": {"city":"Herent","latitude":"50.9029514","longitude":"4.6728253"},"NLZAA": {"city":"Zaandam","latitude":"52.45030615","longitude":"4.81594421954726"},"SKBAB": {"city":"Bratislava Port","latitude":"49.488331","longitude":"0.5897367"},"DEGEK": {"city":"Gelsenkirchen","latitude":"51.5110321","longitude":"7.0960124"},"CHBFL": {"city":"Birsfelden","latitude":"47.5542152","longitude":"7.6304739"},"DENHA": {"city":"Nordenham","latitude":"53.4973636","longitude":"8.4820227"},"DECGN": {"city":"Koln","latitude":"50.938361","longitude":"6.959974"},"NLTNZ": {"city":"Terneuzen","latitude":"51.3254737","longitude":"3.8403111"},"FRLLE": {"city":"Lille","latitude":"50.6305089","longitude":"3.0706414"},"BELLE": {"city":"Lille","latitude":"50.6305089","longitude":"3.0706414"},"FRNEF": {"city":"Neuf-Brisach","latitude":"48.0176804","longitude":"7.5282798"},"FROTM": {"city":"Ottmarsheim","latitude":"47.7888815","longitude":"7.5094906"},"FRPOY": {"city":"Prouvy","latitude":"50.3237219","longitude":"3.4504407"},"FRSXB": {"city":"Strasbourg","latitude":"48.584614","longitude":"7.7507127"},"NLDHR": {"city":"Den Helder","latitude":"52.9529894","longitude":"4.8267591994488"},"DENSS": {"city":"Neuss","latitude":"51.1981778","longitude":"6.6916476"},"NLGOR": {"city":"Gorinchem","latitude":"51.8421872","longitude":"4.97460046726009"},"FRVAL": {"city":"Valenciennes","latitude":"50.3579317","longitude":"3.5234846"},"NLWBD": {"city":"Wijk bij Duurstede","latitude":"51.9775074","longitude":"5.32692972728341"},"FRHUN": {"city":"Huningue","latitude":"47.5941514","longitude":"7.5794613"},"DEFRA": {"city":"Frankfurt","latitude":"50.1106444","longitude":"8.6820917"},"ATLNZ": {"city":"Linz","latitude":"48.3059078","longitude":"14.286198"},"NLWDP": {"city":"Westdorpe","latitude":"51.2421529","longitude":"3.84124044185248"},"NLHRD": {"city":"Harderwijk","latitude":"52.347402","longitude":"5.6291317"},"NLHRV": {"city":"Heerenveen","latitude":"52.9567361","longitude":"5.93326787512682"},"NLHTB": {"city":"s-Hertogenbosch","latitude":"51.7099698","longitude":"5.29191613945104"},"NLNIJ": {"city":"Nijmegen","latitude":"51.84257485","longitude":"5.83896062874823"},"NLLWR": {"city":"Leeuwarden","latitude":"53.19968475","longitude":"5.80069089560234"},"NLWLK": {"city":"Waalwijk","latitude":"51.6852544","longitude":"5.0705122"},"NLZUT": {"city":"Zutphen","latitude":"52.143222","longitude":"6.2044441"},"DEGHM": {"city":"Gernsheim","latitude":"49.7505186","longitude":"8.4861853"},"DEGER": {"city":"Germersheim","latitude":"49.2222749","longitude":"8.36659"},"ATKRE": {"city":"Krems","latitude":"48.4098093","longitude":"15.6063186640932"},"DEWLR": {"city":"Weil am Rhein","latitude":"47.6048182","longitude":"7.6094052"},"DEWOE": {"city":"Worth am Rhein","latitude":"49.0543232","longitude":"8.2667399"},"ATENA": {"city":"Enns","latitude":"48.2141482","longitude":"14.4793948"},"DEDEG": {"city":"Deggendorf","latitude":"48.8333535","longitude":"12.96205"},"DEDMG": {"city":"Dormagen","latitude":"51.0941656","longitude":"6.8407931"},"DEDRP": {"city":"Dorpen","latitude":"52.9653316","longitude":"7.3313338"},"NLALM": {"city":"Almelo","latitude":"52.3567956","longitude":"6.66725277634109"},"FRBET": {"city":"Bethune","latitude":"50.5199","longitude":"2.64781"},"FRDKK": {"city":"Dunkerque","latitude":"51.0347708","longitude":"2.3772525"},"FRHAL": {"city":"Halluin","latitude":"50.7831898","longitude":"3.1272153"},"DEWLG": {"city":"Wesseling","latitude":"50.824555","longitude":"6.98355241578077"},"DEORS": {"city":"Orsoy","latitude":"51.5244498","longitude":"6.686508"},"NLTLB": {"city":"Tilburg","latitude":"51.57370915","longitude":"5.0439311164373"},"DEDUS": {"city":"Dusseldorf","latitude":"51.2254018","longitude":"6.7763137"},"NLHAR": {"city":"Harlingen","latitude":"26.1908241","longitude":"-97.6959794"},"ATVIE": {"city":"Wien","latitude":"48.2083537","longitude":"16.3725042"},"DEAND": {"city":"Andernach","latitude":"50.4391924","longitude":"7.4023145"},"DEASC": {"city":"Aschaffenburg","latitude":"49.9706701","longitude":"9.13848573082478"},"NLVEN": {"city":"Venlo","latitude":"51.3702109","longitude":"6.1688954"},"BEHBN": {"city":"Hoboken","latitude":"40.7433066","longitude":"-74.0323752"},"DEEMM": {"city":"Emmerich","latitude":"51.8342701","longitude":"6.255615"},"BEHGG": {"city":"Houdeng-Goegnies","latitude":"50.4879863","longitude":"4.1575303"},"NLEEM": {"city":"Eemshaven","latitude":"53.448402","longitude":"6.8465032445024"},"NLDZL": {"city":"Delfzijl","latitude":"53.3809218","longitude":"6.93109835966104"},"DENUE": {"city":"Nurnberg","latitude":"49.453872","longitude":"11.077298"},"DERSA": {"city":"Riesa","latitude":"51.3038241","longitude":"13.308828"},"DESND": {"city":"Senden","latitude":"48.3243749","longitude":"10.0468113"},"NLGRQ": {"city":"Groningen","latitude":"53.2217925","longitude":"6.55824533479853"},"NLHGL": {"city":"Hengelo","latitude":"52.2523195","longitude":"6.79552559080801"},"BERIN": {"city":"Beringen","latitude":"51.0502026","longitude":"5.22080908230083"},"BEMEH": {"city":"Meerhout","latitude":"51.1317433","longitude":"5.0772388"},"BELGG": {"city":"Liege","latitude":"50.6451381","longitude":"5.5734203"},"NLMST": {"city":"Maastricht","latitude":"50.8579855","longitude":"5.69698811694244"},"DEKEH": {"city":"Kehl","latitude":"48.5766907","longitude":"7.8066452"},"DEKAE": {"city":"Karlsruhe","latitude":"49.0068705","longitude":"8.4034195"},"DEHEN": {"city":"Heilbronn","latitude":"49.142291","longitude":"9.218655"},"NLVSN": {"city":"Velsen-Noord","latitude":"52.47727135","longitude":"4.59302239171779"},"DEGIG": {"city":"Ginsheim-Gustavsburg","latitude":"49.9845346","longitude":"8.3254964"},"NLSTI": {"city":"Stein","latitude":"46.9984543","longitude":"10.5829968"},"CHSTN": {"city":"Stein","latitude":"46.9984543","longitude":"10.5829968"},"DELEV": {"city":"Leverkusen","latitude":"51.0324743","longitude":"6.9881194"},"DELUH": {"city":"Ludwigshafen","latitude":"49.4704113","longitude":"8.4381568"},"BEWEV": {"city":"Wevelgem","latitude":"50.8121065","longitude":"3.18644500626665"},"BEGBB": {"city":"Grobbendonk","latitude":"51.1919904","longitude":"4.7385027"},"BEGRB": {"city":"Grimbergen","latitude":"50.932458","longitude":"4.3717863"},"BEAVL": {"city":"Avelgem","latitude":"50.7754563","longitude":"3.4470148"},"NLBON": {"city":"Born","latitude":"51.0448394","longitude":"5.83763311859952"},"NLBEV": {"city":"Beverwijk","latitude":"52.478626","longitude":"4.6732036218509"},"NLARN": {"city":"Arnhem","latitude":"52.0056642","longitude":"5.87623450776413"},"BEGHL": {"city":"Ghlin","latitude":"50.4760502","longitude":"3.903746"},"BEDEG": {"city":"Deurne","latitude":"51.4611926","longitude":"5.7914611"},"BEBRU": {"city":"Brussel (Bruxelles)","latitude":"50.8465573","longitude":"4.351697"},"NLPAP": {"city":"Papendrecht","latitude":"51.83482915","longitude":"4.70479437720194"},"NLUTC": {"city":"Utrecht","latitude":"52.0809856","longitude":"5.12768396945229"},"DEBON": {"city":"Bonn","latitude":"50.735851","longitude":"7.10066"},"BEZEL": {"city":"Zelzate","latitude":"51.2000036","longitude":"3.8105002"},"BEWIK": {"city":"Wielsbeke","latitude":"50.91140755","longitude":"3.36040374889668"},"DEKEM": {"city":"Kelheim","latitude":"48.9187285","longitude":"11.8727886"},"DEDTM": {"city":"Dortmund","latitude":"51.5142273","longitude":"7.4652789"},"DEDRS": {"city":"Dresden","latitude":"51.0493286","longitude":"13.7381437"},"CADRD": {"city":"Dresden","latitude":"51.0493286","longitude":"13.7381437"},"NLOOS": {"city":"Oosterhout","latitude":"51.64447245","longitude":"4.85136556866659"},"DEKOB": {"city":"Koblenz am Rhein","latitude":"50.2735284","longitude":"7.6324932"},"DEKRE": {"city":"Krefeld","latitude":"51.3331205","longitude":"6.5623343"},"BEWLB": {"city":"Willebroek","latitude":"51.0626964","longitude":"4.35723246440333"},"BEMLO": {"city":"Mol","latitude":"41.684672","longitude":"14.595614"},"FRDGS": {"city":"Dourges","latitude":"50.4368565","longitude":"2.9880503"},"NLPER": {"city":"Pernis","latitude":"51.8835293","longitude":"4.39489413782817"},"NLROO": {"city":"Roosendaal","latitude":"51.5304587","longitude":"4.46449384552466"},"NLVEL": {"city":"Velsen","latitude":"52.4519103","longitude":"4.60389114587414"},"SKBTS": {"city":"Bratislava","latitude":"48.1516988","longitude":"17.1093063"},"NLZWO": {"city":"Zwolle","latitude":"52.51456525","longitude":"6.09772035967769"},"CHLEN": {"city":"Koblenz","latitude":"50.3533278","longitude":"7.5943951"},"RUSPT": {"city":"St Petersburg","latitude":"59.938732","longitude":"30.316229"}}